{"train_loss": [2.4453626204806134, 1.540069440925076, 1.396169972057125, 1.3027954196748626, 1.2353694463864024, 1.180030564164934, 1.1611350940207565, 1.124701553197868, 1.0943260048958738, 1.0507272708551965, 1.0426386474656515, 1.0247116440149315, 0.9763475620248019, 0.9539730261033932, 0.9548919810541683, 0.9222432677510121, 0.9046741029382205, 0.8939861246161588, 0.8776141476495184, 0.8497173423549521, 0.8236933145459614, 0.8124709895355167, 0.8067815551966315, 0.7672835816221999, 0.7607247931988974, 0.763418715602998, 0.7133942768261007, 0.7136400094956953, 0.6841687358377551, 0.6893032796595939, 0.6722842145555373, 0.6398247118345232, 0.6580103141160065, 0.6111923630133328, 0.6116022868188162, 0.620327963461894, 0.6233098172642886, 0.598432110289657, 0.603022427613291, 0.5747885221877479, 0.5805418321388303, 0.5020870706880954, 0.4757962681268105, 0.4617957798020468, 0.45366662253445095, 0.4403457792879511, 0.44043402495606315, 0.42773094045232, 0.42889751811217897, 0.419461421186933], "val_loss": [1.3878807164075082, 1.5837748050689697, 1.15055898720758, 1.0426632134537948, 1.199737680585761, 1.1563123391385663, 0.9897824672230503, 1.0308332098157782, 0.8817595975440845, 0.8862510961398744, 0.8927665708357828, 0.8701337554998565, 0.8148699768802576, 0.7901317498140168, 0.9148397309738293, 0.8868672366727862, 0.6460265156469847, 0.7408984162305531, 0.7119625644725666, 0.645697705055538, 0.6838053077982184, 0.769241649330708, 0.6039485385020574, 0.6235337798532686, 0.5481674472490946, 0.5431466745702844, 0.5930178154978836, 0.535838058120326, 0.6187197330750918, 0.6300410910656578, 0.5256413229201969, 0.6702221009814948, 0.5059650874974435, 0.48473549412007916, 0.5408318791734544, 0.5216626174617232, 0.43762958533408347, 0.6212549010912577, 0.5647001742270955, 0.5153942709429222, 0.537510547983019, 0.3919650941041478, 0.3857991541163963, 0.37875608302522124, 0.36570352799536887, 0.3645193262450528, 0.3621511621433392, 0.3763849316981801, 0.36720085196327745, 0.37091111012718136], "train_acc": [0.3286904761904762, 0.4825, 0.5277380952380952, 0.5719047619047619, 0.5838095238095238, 0.6044047619047619, 0.6171428571428571, 0.6241666666666666, 0.6323809523809524, 0.6580952380952381, 0.655, 0.6601190476190476, 0.6741666666666667, 0.6814285714285714, 0.6810714285714285, 0.6935714285714286, 0.7039285714285715, 0.6994047619047619, 0.7148809523809524, 0.7151190476190477, 0.7288095238095238, 0.7294047619047619, 0.7355952380952381, 0.7472619047619048, 0.7502380952380953, 0.7511904761904762, 0.7661904761904762, 0.7654761904761904, 0.7772619047619047, 0.7783333333333333, 0.7845238095238095, 0.7879761904761905, 0.7841666666666667, 0.7957142857142857, 0.7979761904761905, 0.8015476190476191, 0.8002380952380952, 0.8080952380952381, 0.7985714285714286, 0.8147619047619048, 0.8134523809523809, 0.8383333333333334, 0.8438095238095238, 0.8433333333333334, 0.8494047619047619, 0.8522619047619048, 0.8520238095238095, 0.8598809523809524, 0.8572619047619048, 0.8609523809523809], "val_acc": [0.5377777777777778, 0.4727777777777778, 0.6133333333333333, 0.6533333333333333, 0.5877777777777777, 0.6444444444444445, 0.6766666666666666, 0.6711111111111111, 0.715, 0.7205555555555555, 0.7244444444444444, 0.7205555555555555, 0.7316666666666667, 0.74, 0.7094444444444444, 0.7166666666666667, 0.795, 0.7755555555555556, 0.7755555555555556, 0.7922222222222223, 0.7766666666666666, 0.7688888888888888, 0.7983333333333333, 0.8088888888888889, 0.8266666666666667, 0.8266666666666667, 0.8166666666666667, 0.8388888888888889, 0.8166666666666667, 0.7955555555555556, 0.8322222222222222, 0.8155555555555556, 0.8477777777777777, 0.8488888888888889, 0.8327777777777777, 0.8505555555555555, 0.8633333333333333, 0.8033333333333333, 0.8305555555555556, 0.8455555555555555, 0.8438888888888889, 0.8816666666666667, 0.8833333333333333, 0.8866666666666667, 0.8938888888888888, 0.8916666666666667, 0.8905555555555555, 0.885, 0.8872222222222222, 0.8838888888888888]}